id;ggi;home_host_indicator;legal_group_company_code;prefix;latin_birth_name;local_birth_name;latin_common_name;local_common_name;latin_name_complement;local_name_complement;latin_first_name;local_first_name;employee_birth_date;country_of_birth;birth_department;local_id_number;sensitive_employee_flag
1;Trinidad and Tobago Dollar Flats Awesome;Licensed;withdrawal;input Washington;Gorgeous Plastic Chair;Internal Ville pricing structure;Up-sized;COM;Licensed;Incredible;aggregate;Libyan Arab Jamahiriya;2020-03-31T02:32:08;Investment Account hybrid;pink;eyeballs payment;exuding National Visionary
2;Cotton;redundant wireless Consultant;overriding virtual Factors;Baby;Bedfordshire;orchestrate parse Legacy;bandwidth;Chief Incredible;Buckinghamshire Games Managed;Refined;Bedfordshire Ridge SMS;Engineer;2020-03-30T15:24:46;global solid state;Savings Account Intelligent Cotton Cheese;Quality Loop Handcrafted Wooden Fish;maroon
3;Corporate Kiribati;Automated Awesome Concrete Towels ADP;bottom-line;Money Market Account;Key withdrawal infrastructure;Refined Concrete Table programming;ROI;generating virtual Keyboard;San Marino Self-enabling;Future-proofed;Borders experiences;Berkshire Dale;2020-03-30T23:32:30;Fresh;Gorgeous;hardware Tala Buckinghamshire;digital Gloves
4;Berkshire solid state;Handmade Fresh Gloves Markets;Home infrastructure;Generic Plastic Ball Yuan Renminbi;olive Virginia;Outdoors;THX;efficient monitor;Borders;Solutions Auto Loan Account;protocol Vermont navigate;bricks-and-clicks red Steel;2020-03-31T05:42:41;HDD;Hawaii;input;mindshare Armenia
5;deposit;enterprise Guyana Dollar;Regional whiteboard;Communications PNG;New Zealand Dollar;pink Quality-focused Towels;payment;Home Loan Account Avon Personal Loan Account;synthesize;communities;hierarchy AGP clear-thinking;invoice;2020-03-30T11:45:04;Soft;fuchsia 24/7 THX;blue Vatu;Communications
6;harness Cheese;Unbranded Awesome Bike;Computers Checking Account national;Officer;Awesome lavender Planner;generating Checking Account Savings Account;Kentucky;infrastructures XSS;unleash Representative transmitting;Kids;Innovative Electronics;Rapids;2020-03-30T13:42:46;Specialist;e-business;Regional;Bacon
7;Sleek Illinois Concrete;Public-key;District;Self-enabling;Baby Dynamic Mobility;function;multi-byte Garden;Assistant Cambridgeshire Chief;user-centric Tasty;Australian Dollar;overriding wireless Stream;Central Home Loan Account initiative;2020-03-30T22:45:19;Practical Concrete Ball black;motivating;Place;magenta innovative Seychelles Rupee
8;time-frame port;parallelism Electronics navigate;Innovative Albania Rubber;Buckinghamshire Mobility models;Assurance Factors Virtual;Checking Account invoice;Industrial Credit Card Account Saint Barthelemy;Malaysian Ringgit Avon systems;user-facing Checking Account withdrawal;collaboration invoice envisioneer;Handcrafted;static clear-thinking empower;2020-03-31T07:40:25;Station Cambridgeshire;New Mexico Program Research;alarm mesh back up;Plastic Frozen TCP
9;paradigms open-source;Liaison;Consultant;circuit Colorado;Generic reboot Parkways;Mongolia Savings Account world-class;AGP grow Dominican Peso;Sri Lanka Rupee reboot Bulgarian Lev;Ball;array Checking Account salmon;protocol Tactics China;responsive Officer parse;2020-03-31T02:59:52;deliver;Concrete interface Bedfordshire;Quality-focused encryption;enable
10;expedite Zloty;Refined Fresh Car Small cross-platform;Frozen;Savings Account;South Dakota gold Facilitator;Roads sensor;system Hat;open-source Refined Chips;turn-key invoice;withdrawal;intermediate Computer Small Granite Salad;Baht;2020-03-31T03:27:26;Fantastic Metal Sausages Kentucky;Personal Loan Account Investment Account Personal Loan Account;vortals Regional;Handcrafted Soft Pants
