id;local_id_number;employee_local_gender;employee_gender
1;Refined Steel Chicken;Sleek Concrete Chips Creative;Borders leading-edge ivory
2;Open-architected copy Baby;encompassing;Movies
3;Sleek Credit Card Account;HDD;Kwacha Bedfordshire Bolivar Fuerte
4;Ohio;Holy See (Vatican City State) real-time Multi-layered;Savings Account primary Fantastic Wooden Shoes
5;Corporate Granite;Investment Account initiatives orange;Chair
6;SSL Ethiopian Birr Saint Pierre and Miquelon;Integration parsing 24/7;Somali Shilling
7;bricks-and-clicks Pizza vertical;solution Product;Liaison
8;Plastic;Plastic Automotive array;multi-byte Ergonomic Metal Table
9;Gorgeous;Integration;moderator matrix Peru
10;paradigm;system engine reboot North Dakota;virtual
