id;local_id_number;effective_date;sequence;local_position_code;local_position_level;position_entry_date;job_code_local_value;job_code_groupe_value;job_entry_date;local_collective_agreement_code;local_collective_agreement_label;org_relationship;prescripteur
1;Gloves framework;2020-03-30T19:42:24;scale Tasty Cotton Soap Sleek;Savings Account;Agent Bahamian Dollar;2020-03-30T17:02:16;Table;Savings Account Checking Account;2020-03-30T21:39:41;Plains XML;bus;Upgradable Money Market Account Shoes;Interactions quantify
2;Human Frozen Internal;2020-03-31T01:49:47;Rustic SSL;full-range orchid;orchestration XML;2020-03-30T18:01:28;monitor hacking bypassing;Small Metal Bike application;2020-03-30T11:44:42;convergence generate Tools;transmit Facilitator;Checking Account Organized;back-end
3;Metal Gourde US Dollar JSON;2020-03-31T09:46:29;District Handcrafted Frozen Ball;index Florida;Beauty;2020-03-30T15:48:50;grow;Lebanese Pound haptic;2020-03-31T08:05:08;innovate e-markets;Director Vision-oriented;generate quantifying Granite;Indiana Senior pink
4;Team-oriented South Carolina motivating;2020-03-31T03:32:12;Land Intelligent;monetize e-enable;Colorado;2020-03-31T09:01:44;Cambridgeshire architectures;Rustic;2020-03-30T14:44:21;Senior Corporate heuristic;Pennsylvania reboot out-of-the-box;Sleek Soft back up;Flats empower copying
5;Integration blue;2020-03-31T01:11:22;ability;invoice Bedfordshire Lilangeni;Malaysian Ringgit focus group lime;2020-03-31T09:50:52;Pizza;CSS;2020-03-31T03:57:36;Cotton;Reduced Forward override;back up parse methodology;New Caledonia empower
6;reinvent Garden Senior;2020-03-30T15:17:41;scalable monitor;Cloned;withdrawal reboot magenta;2020-03-31T06:33:24;New Leu synthesize Re-contextualized;program Unions;2020-03-30T15:33:45;wireless Wooden Markets;Pre-emptive;GB Borders project;Incredible
7;reboot Cuba;2020-03-31T06:54:37;Malta connect synergy;Games Avenue Awesome;wireless synergistic;2020-03-31T01:53:41;infomediaries disintermediate violet;Crescent Avon;2020-03-31T03:02:22;Engineer copying;Personal Loan Account withdrawal;Internal;Gloves bypassing Sleek Cotton Chips
8;instruction set;2020-03-30T19:41:04;dot-com;architecture Fantastic;quantify Orchestrator Tasty Plastic Bacon;2020-03-30T17:18:18;redundant motivating Dynamic;magnetic array;2020-03-31T03:45:21;synergize paradigms;Awesome Frozen Shoes Kenya Plastic;application invoice;Legacy
9;Avon Outdoors Drive;2020-03-31T06:45:12;blue;interfaces;Colorado Global Auto Loan Account;2020-03-30T15:38:44;programming customized;dynamic embrace;2020-03-30T14:13:12;override Buckinghamshire;Industrial North Dakota;District solutions;viral Handmade Metal Hat
10;Kids Table;2020-03-31T05:16:11;bypass innovative;repurpose payment;Ouguiya solution-oriented Wisconsin;2020-03-31T05:02:28;Tennessee New Israeli Sheqel;Handmade repurpose deposit;2020-03-30T15:13:42;bottom-line Ergonomic Front-line;Concrete;salmon orchid Mountains;Personal Loan Account Checking Account
