id;local_id_number;personal_address_type;additional_address_1;additional_address_2;physical_address;additional_postal_delivery;zip_code_postal_code;employee_city_of_residence;country_of_residence;effective_date
1;SDD communities;action-items Monitored Vista;Cotton;Yemeni Rial;scale;GB;deposit;hierarchy;transform;2020-03-30T13:11:37
2;hybrid Tasty Steel Table;mobile;Fiji Architect;Idaho;Accounts;open-source Practical Soft Tuna;Port;withdrawal Albania;mission-critical primary;2020-03-30T21:04:55
3;global;New Mexico schemas;bypassing Car;best-of-breed Delaware;COM transition Namibia;brand Auto Loan Account payment;Gorgeous Cambridgeshire analyzer;networks Bike pixel;application;2020-03-30T15:21:00
4;Plain deposit;Operations;generate;Incredible orange invoice;Brook Niger;Brazil;turn-key;Frozen e-enable SQL;Fully-configurable;2020-03-30T19:43:19
5;Industrial;Benin olive;real-time benchmark;Frozen optimize indexing;Antarctica (the territory South of 60 deg S) paradigm XSS;Executive Colorado deposit;users Guyana Dollar Outdoors;24/7 Manat proactive;Delaware back-end;2020-03-30T18:01:02
6;Samoa;circuit;Technician Personal Loan Account;Rand;withdrawal;Lodge Assistant leading-edge;architectures;Car transmitter Intelligent Concrete Bike;Organized explicit;2020-03-30T17:45:39
7;District navigating auxiliary;Generic Well Wallis and Futuna;GB Green CSS;monitor Wisconsin;New Hampshire revolutionize Central;neural-net Strategist;Walks Assimilated;Tasty vortals Courts;Configuration;2020-03-31T01:00:58
8;Sleek;AGP Baby Frozen;Fresh;card;Cheese;Licensed Metal Salad;e-business Springs application;Jamaican Dollar Cambridgeshire;Fantastic Concrete Gloves;2020-03-30T14:31:27
9;Fantastic Cotton Keyboard Handcrafted Rubber Shirt;hybrid European Unit of Account 9(E.U.A.-9);Tala Proactive Savings Account;Refined;transmit AGP Buckinghamshire;payment;Handmade;green redundant;Intranet Malaysian Ringgit Tasty;2020-03-30T12:35:30
10;Electronics CFA Franc BEAC;bottom-line;e-business;Response Loop Sports;Soap;COM Assistant;Springs solid state;multi-byte navigate;B2C;2020-03-31T09:40:54
